{"x":[100,1000,10000,100000],"y":[1237.88988208848,321.6602385440846,48.16367304133673,1.1052224403366429],"relativeMarginOfError":[3.522514705628406,5.0732425013643345,1.4601505597238706,4.14491448990492],"type":"scatter"}
{"x":[100,1000,10000,100000],"y":[1244.6493365699794,322.18374890838885,47.66285135259094,1.0912791782025244],"relativeMarginOfError":[1.2882677102606968,0.9699304754677519,1.472664914518228,6.994454854620207],"type":"scatter"}
{"x":[100,1000,10000,100000],"y":[1319.6469458911342,417.2430202109589,122.61339626431312,12.361774544249938],"relativeMarginOfError":[0.9708517973573406,0.7281714292896581,1.055212077600842,2.0804355223219217],"type":"scatter"}
{"x":[100,1000,10000,100000],"y":[3185.3461528132907,808.1354213157173,182.4946648307365,12.893855555089608],"relativeMarginOfError":[0.7879333809281146,0.5026875593408048,1.0328809167408903,1.304008952221176],"type":"scatter"}
