{"y":[0.3045790538302475,1.0640485965169726,4.609690537254902,58.66617514893616,109.95577044444444],"x":[100,1000,10000,100000,200000],"rme":[0.9664762547736114,0.886042869790167,0.8877283285404575,1.5695238527314475,3.416947007775881],"hz":[3283.219865005342,939.806699875713,216.934302187562,17.045597355908992,9.094565896432455],"name":"face assignment to the first face","type":"scatter"}
