{"y":[0.3045790538302475,1.0640485965169726,4.609690537254902,58.66617514893616,109.95577044444444],"x":[100,1000,10000,100000,200000],"rme":[0.9664762547736114,0.886042869790167,0.8877283285404575,1.5695238527314475,3.416947007775881],"hz":[3283.219865005342,939.806699875713,216.934302187562,17.045597355908992,9.094565896432455],"name":"face assignment to the first face","type":"scatter"}
{"y":[0.3091439114371725,1.0631130683941992,4.472945863026821,53.164510420000006,102.85565035714286],"x":[100,1000,10000,100000,200000],"rme":[0.6471365427802306,0.5675159511271277,0.6550184501203145,1.4664068344181966,3.4254633816174405],"hz":[3234.7394304197073,940.6337197138122,223.56630968104426,18.80954027602235,9.722363297764657],"name":"replacing edge representation to halfEdges","type":"scatter"}
{"y":[0.408121530461785,1.4496768358908352,6.384833375,71.24809199999999,154.6883756],"x":[100,1000,10000,100000,200000],"rme":[1.0413563209930354,0.8169166902406454,1.1692567523253496,2.1093023993228353,3.473655903257951],"hz":[2450.2505390208426,689.8089113671282,156.62115849655981,14.035463574238594,6.464609872081429],"name":"after face merge implementation","type":"scatter"}
{"y":[0.4094013402805851,1.4346506299179367,6.309571334548609,69.25389879999996,152.24970814285714],"x":[100,1000,10000,100000,200000],"rme":[0.8782348555616357,0.6823036493800583,0.7790454798998948,1.7086387651171855,4.396402452533553],"hz":[2442.5909287806567,697.0338137705352,158.48937225329598,14.43962025716306,6.568157090072657],"name":"after face merge implementation without debug","type":"scatter"}
{"y":[0.36757547435171956,1.3042536447916664,6.123228234270417,68.90619642499998,155.85534694999998],"x":[100,1000,10000,100000,200000],"rme":[0.7553024992722579,0.5343404420319167,0.97124885045789,2.2026694295207645,5.160315913715647],"hz":[2720.5297136966665,766.7220283365464,163.31254719580934,14.512482938866556,6.416205921512661],"name":"after face merge implementation face merge disabled","type":"scatter"}
{"y":[0.36934338456604604,1.3575469557191542,6.34459395473251,74.78018202631579,162.39062745000004],"x":[100,1000,10000,100000,200000],"rme":[0.9825938189180788,0.904060705558841,1.0225952234958038,2.394014904801982,4.4912696467790205],"hz":[2707.507543894237,736.622770790462,157.61449938874148,13.372526957049816,6.157990862544695],"name":"after face merge implementation face merge disabled and other edge face fix disabled","type":"scatter"}
{"y":[0.34398982758522983,1.1661260146641732,4.824286218495934,58.40349491304347,109.87739107692308],"x":[100,1000,10000,100000,200000],"rme":[1.071445194658082,0.9269779256283442,1.2099685575225918,1.7852560744626687,2.9274913806319285],"hz":[2907.062708859411,857.54025501951,207.28455044107432,17.12226299965255,9.101053366837942],"name":"face merge implementation disabled completely including center computation","type":"scatter"}
{"y":[0.32183065533251026,1.0877854778255962,4.52679602228682,58.81895346666667,116.06007208],"x":[100,1000,10000,100000,200000],"rme":[0.6897512162468206,0.5601280497434826,0.6279946435722538,4.627588218102916,6.319920670850979],"hz":[3107.224198287811,919.298906250272,220.90679480071333,17.001322551015985,8.616227631762126],"name":"face merge implementation disabled completely including center computation v2","type":"scatter"}
{"y":[0.3783210165336603,1.3441948719755403,6.118927286479249,68.21350832499998,149.0202815238095],"x":[100,1000,10000,100000,200000],"rme":[1.0189340833908827,0.758566005025359,0.7550045367580799,1.6924230924861812,4.148962936016431],"hz":[2643.25785853091,743.9397522252983,163.4273383522076,14.65985293170303,6.710495979302163],"name":"face merge implementation disabled completely including center computation v3","type":"scatter"}
