{"y":[0.3045790538302475,1.0640485965169726,4.609690537254902,58.66617514893616,109.95577044444444],"x":[100,1000,10000,100000,200000],"rme":[0.9664762547736114,0.886042869790167,0.8877283285404575,1.5695238527314475,3.416947007775881],"hz":[3283.219865005342,939.806699875713,216.934302187562,17.045597355908992,9.094565896432455],"name":"face assignment to the first face","type":"scatter"}
{"y":[0.3091439114371725,1.0631130683941992,4.472945863026821,53.164510420000006,102.85565035714286],"x":[100,1000,10000,100000,200000],"rme":[0.6471365427802306,0.5675159511271277,0.6550184501203145,1.4664068344181966,3.4254633816174405],"hz":[3234.7394304197073,940.6337197138122,223.56630968104426,18.80954027602235,9.722363297764657],"name":"replacing edge representation to halfEdges","type":"scatter"}
{"y":[0.408121530461785,1.4496768358908352,6.384833375,71.24809199999999,154.6883756],"x":[100,1000,10000,100000,200000],"rme":[1.0413563209930354,0.8169166902406454,1.1692567523253496,2.1093023993228353,3.473655903257951],"hz":[2450.2505390208426,689.8089113671282,156.62115849655981,14.035463574238594,6.464609872081429],"name":"after face merge implementation","type":"scatter"}
{"y":[0.4094013402805851,1.4346506299179367,6.309571334548609,69.25389879999996,152.24970814285714],"x":[100,1000,10000,100000,200000],"rme":[0.8782348555616357,0.6823036493800583,0.7790454798998948,1.7086387651171855,4.396402452533553],"hz":[2442.5909287806567,697.0338137705352,158.48937225329598,14.43962025716306,6.568157090072657],"name":"after face merge implementation without debug","type":"scatter"}
{"y":[0.36757547435171956,1.3042536447916664,6.123228234270417,68.90619642499998,155.85534694999998],"x":[100,1000,10000,100000,200000],"rme":[0.7553024992722579,0.5343404420319167,0.97124885045789,2.2026694295207645,5.160315913715647],"hz":[2720.5297136966665,766.7220283365464,163.31254719580934,14.512482938866556,6.416205921512661],"name":"after face merge implementation face merge disabled","type":"scatter"}
{"y":[0.36934338456604604,1.3575469557191542,6.34459395473251,74.78018202631579,162.39062745000004],"x":[100,1000,10000,100000,200000],"rme":[0.9825938189180788,0.904060705558841,1.0225952234958038,2.394014904801982,4.4912696467790205],"hz":[2707.507543894237,736.622770790462,157.61449938874148,13.372526957049816,6.157990862544695],"name":"after face merge implementation face merge disabled and other edge face fix disabled","type":"scatter"}
{"y":[0.34398982758522983,1.1661260146641732,4.824286218495934,58.40349491304347,109.87739107692308],"x":[100,1000,10000,100000,200000],"rme":[1.071445194658082,0.9269779256283442,1.2099685575225918,1.7852560744626687,2.9274913806319285],"hz":[2907.062708859411,857.54025501951,207.28455044107432,17.12226299965255,9.101053366837942],"name":"face merge implementation disabled completely including center computation","type":"scatter"}
{"y":[0.32183065533251026,1.0877854778255962,4.52679602228682,58.81895346666667,116.06007208],"x":[100,1000,10000,100000,200000],"rme":[0.6897512162468206,0.5601280497434826,0.6279946435722538,4.627588218102916,6.319920670850979],"hz":[3107.224198287811,919.298906250272,220.90679480071333,17.001322551015985,8.616227631762126],"name":"face merge implementation disabled completely including center computation v2","type":"scatter"}
{"y":[0.3606593099337829,1.3788290286026526,5.967606429894182,65.85341117073169,156.04865220000002],"x":[100,1000,10000,100000,200000],"rme":[1.0658915541048544,0.6169766804262076,0.6646729520454794,1.5933719234239616,4.61554046811412],"hz":[2772.699809644731,725.2530801541294,167.57137250047035,15.185242225454319,6.408257847163898],"name":"half edge stores a single vertex, no merge count check","type":"scatter"}
{"y":[0.3092640101332548,1.2401183496539874,5.6756909482931714,65.11584890476192,156.21962560000003],"x":[100,1000,10000,100000,200000],"rme":[0.9654634906595171,0.49557467661381255,0.5403286081610739,1.5303222951644486,4.977472984222286],"hz":[3233.483261014183,806.3746498703256,176.19000208260567,15.357244308718057,6.401244377326173],"name":"half edge stores a single vertex, no merge count check","type":"scatter"}
{"y":[0.29998493169106055,1.1130207697618661,4.444219250946972,51.86598107142857,107.40315281481482],"x":[100,1000,10000,100000,200000],"rme":[0.798859953295112,0.5282379138919387,0.6572894475529462,2.0227564507236093,2.125848949895714],"hz":[3333.5007673980435,898.4558304459608,225.01140099848146,19.280460512697605,9.310713641006481],"name":"half edge stores a single vertex, no merge count check","type":"scatter"}
{"y":[0.31664418818525714,1.185830869392853,4.5521040135658914,54.98767960294117,117.75695996153847],"x":[100,1000,10000,100000,200000],"rme":[0.777133621674227,1.7344424630822297,0.7474512687345205,4.766899830244279,6.0521810230961535],"hz":[3158.1189148967924,843.2905786235784,219.6786358615408,18.185891952904157,8.492067053417632],"name":"triangulation moved to Face","type":"scatter"}
{"y":[0.28793666956755243,1.1034579531046462,4.56406861252703,52.91698962857142,111.80208446153846],"x":[100,1000,10000,100000,200000],"rme":[0.8533548020896348,0.834223324465589,1.661041136936976,1.5917806991821646,4.328988014725509],"hz":[3472.9859225706973,906.2420522562179,219.10275346327907,18.89752245959341,8.944377064311485],"name":"triangulation moved to index.js","type":"scatter"}
{"y":[0.6340000793362346,0.40817199799830156,2.089350730299243,2.8159151364619874,6.376366829385969],"x":[100,1000,10000,100000,200000],"rme":[1.9422507884840963,0.7813877897031397,1.9081995334766442,0.7589859635252448,1.0349388274753022],"hz":[1577.2868688706608,2449.947583136659,478.6175846392133,355.12433846157535,156.829120211752],"type":"scatter"}
