{"y":[0.3045790538302475,1.0640485965169726,4.609690537254902,58.66617514893616,109.95577044444444],"x":[100,1000,10000,100000,200000],"rme":[0.9664762547736114,0.886042869790167,0.8877283285404575,1.5695238527314475,3.416947007775881],"hz":[3283.219865005342,939.806699875713,216.934302187562,17.045597355908992,9.094565896432455],"name":"face assignment to the first face","type":"scatter"}
{"y":[0.3091439114371725,1.0631130683941992,4.472945863026821,53.164510420000006,102.85565035714286],"x":[100,1000,10000,100000,200000],"rme":[0.6471365427802306,0.5675159511271277,0.6550184501203145,1.4664068344181966,3.4254633816174405],"hz":[3234.7394304197073,940.6337197138122,223.56630968104426,18.80954027602235,9.722363297764657],"name":"replacing edge representation to halfEdges","type":"scatter"}
